{"loss": 0.09672438353300095, "accuracy": 0.9852216839790344, "report": {"almond": {"precision": 1.0, "recall": 0.95, "f1-score": 0.9743589743589743, "support": 20.0}, "apple": {"precision": 1.0, "recall": 1.0, "f1-score": 1.0, "support": 21.0}, "burger": {"precision": 1.0, "recall": 0.9, "f1-score": 0.9473684210526315, "support": 20.0}, "carrot": {"precision": 1.0, "recall": 1.0, "f1-score": 1.0, "support": 20.0}, "corn": {"precision": 1.0, "recall": 1.0, "f1-score": 1.0, "support": 21.0}, "gulab jamun": {"precision": 1.0, "recall": 1.0, "f1-score": 1.0, "support": 20.0}, "idly": {"precision": 1.0, "recall": 1.0, "f1-score": 1.0, "support": 20.0}, "pani puri": {"precision": 0.9090909090909091, "recall": 1.0, "f1-score": 0.9523809523809523, "support": 20.0}, "samosa": {"precision": 1.0, "recall": 1.0, "f1-score": 1.0, "support": 21.0}, "white bread": {"precision": 0.9523809523809523, "recall": 1.0, "f1-score": 0.975609756097561, "support": 20.0}, "accuracy": 0.9852216748768473, "macro avg": {"precision": 0.9861471861471862, "recall": 0.985, "f1-score": 0.9849718103890119, "support": 203.0}, "weighted avg": {"precision": 0.9863519075341736, "recall": 0.9852216748768473, "f1-score": 0.9851939018610955, "support": 203.0}}, "confusion_matrix": [[19, 0, 0, 0, 0, 0, 0, 1, 0, 0], [0, 21, 0, 0, 0, 0, 0, 0, 0, 0], [0, 0, 18, 0, 0, 0, 0, 1, 0, 1], [0, 0, 0, 20, 0, 0, 0, 0, 0, 0], [0, 0, 0, 0, 21, 0, 0, 0, 0, 0], [0, 0, 0, 0, 0, 20, 0, 0, 0, 0], [0, 0, 0, 0, 0, 0, 20, 0, 0, 0], [0, 0, 0, 0, 0, 0, 0, 20, 0, 0], [0, 0, 0, 0, 0, 0, 0, 0, 21, 0], [0, 0, 0, 0, 0, 0, 0, 0, 0, 20]], "classes": ["almond", "apple", "burger", "carrot", "corn", "gulab jamun", "idly", "pani puri", "samosa", "white bread"]}